sample_id,folder_name,group_id,family,mixture_order,has_mba,has_thiram,has_mg,c_mba,c_thiram,c_mg,fold_id
S0001,mba+银+0.4,mba+银+0.4,single,1,True,False,False,4,0,0,3
S0002,mba+银+0.4,mba+银+0.4,single,1,True,False,False,4,0,0,3
S0003,mba+银+0.4,mba+银+0.4,single,1,True,False,False,4,0,0,3
S0004,mba+银+0.4,mba+银+0.4,single,1,True,False,False,4,0,0,3
S0005,mba+银+0.4,mba+银+0.4,single,1,True,False,False,4,0,0,3
S0006,mba+银+0.4,mba+银+0.4,single,1,True,False,False,4,0,0,3
S0007,mba+银+0.4,mba+银+0.4,single,1,True,False,False,4,0,0,3
S0008,mba+银+0.4,mba+银+0.4,single,1,True,False,False,4,0,0,3
S0009,mba+银+0.4,mba+银+0.4,single,1,True,False,False,4,0,0,3
S0010,mba+银+0.4,mba+银+0.4,single,1,True,False,False,4,0,0,3
S0011,mba+银+0.4,mba+银+0.4,single,1,True,False,False,4,0,0,3
S0012,mba+银+0.4,mba+银+0.4,single,1,True,False,False,4,0,0,3
S0013,mba+银+0.4,mba+银+0.4,single,1,True,False,False,4,0,0,3
S0014,mba+银+0.4,mba+银+0.4,single,1,True,False,False,4,0,0,3
S0015,mba+银+0.4,mba+银+0.4,single,1,True,False,False,4,0,0,3
S0016,mba+银+0.4,mba+银+0.4,single,1,True,False,False,4,0,0,3
S0017,mba+银+0.4,mba+银+0.4,single,1,True,False,False,4,0,0,3
S0018,mba+银+0.4,mba+银+0.4,single,1,True,False,False,4,0,0,3
S0019,mba+银+0.4,mba+银+0.4,single,1,True,False,False,4,0,0,3
S0020,mba+银+0.4,mba+银+0.4,single,1,True,False,False,4,0,0,3
S0021,mba+银+0.5,mba+银+0.5,single,1,True,False,False,5,0,0,3
S0022,mba+银+0.5,mba+银+0.5,single,1,True,False,False,5,0,0,3
S0023,mba+银+0.5,mba+银+0.5,single,1,True,False,False,5,0,0,3
S0024,mba+银+0.5,mba+银+0.5,single,1,True,False,False,5,0,0,3
S0025,mba+银+0.5,mba+银+0.5,single,1,True,False,False,5,0,0,3
S0026,mba+银+0.5,mba+银+0.5,single,1,True,False,False,5,0,0,3
S0027,mba+银+0.5,mba+银+0.5,single,1,True,False,False,5,0,0,3
S0028,mba+银+0.5,mba+银+0.5,single,1,True,False,False,5,0,0,3
S0029,mba+银+0.5,mba+银+0.5,single,1,True,False,False,5,0,0,3
S0030,mba+银+0.5,mba+银+0.5,single,1,True,False,False,5,0,0,3
S0031,mba+银+0.5,mba+银+0.5,single,1,True,False,False,5,0,0,3
S0032,mba+银+0.5,mba+银+0.5,single,1,True,False,False,5,0,0,3
S0033,mba+银+0.5,mba+银+0.5,single,1,True,False,False,5,0,0,3
S0034,mba+银+0.5,mba+银+0.5,single,1,True,False,False,5,0,0,3
S0035,mba+银+0.5,mba+银+0.5,single,1,True,False,False,5,0,0,3
S0036,mba+银+0.5,mba+银+0.5,single,1,True,False,False,5,0,0,3
S0037,mba+银+0.5,mba+银+0.5,single,1,True,False,False,5,0,0,3
S0038,mba+银+0.5,mba+银+0.5,single,1,True,False,False,5,0,0,3
S0039,mba+银+0.5,mba+银+0.5,single,1,True,False,False,5,0,0,3
S0040,mba+银+0.5,mba+银+0.5,single,1,True,False,False,5,0,0,3
S0041,mba+银+0.6,mba+银+0.6,single,1,True,False,False,6,0,0,1
S0042,mba+银+0.6,mba+银+0.6,single,1,True,False,False,6,0,0,1
S0043,mba+银+0.6,mba+银+0.6,single,1,True,False,False,6,0,0,1
S0044,mba+银+0.6,mba+银+0.6,single,1,True,False,False,6,0,0,1
S0045,mba+银+0.6,mba+银+0.6,single,1,True,False,False,6,0,0,1
S0046,mba+银+0.6,mba+银+0.6,single,1,True,False,False,6,0,0,1
S0047,mba+银+0.6,mba+银+0.6,single,1,True,False,False,6,0,0,1
S0048,mba+银+0.6,mba+银+0.6,single,1,True,False,False,6,0,0,1
S0049,mba+银+0.6,mba+银+0.6,single,1,True,False,False,6,0,0,1
S0050,mba+银+0.6,mba+银+0.6,single,1,True,False,False,6,0,0,1
S0051,mba+银+0.6,mba+银+0.6,single,1,True,False,False,6,0,0,1
S0052,mba+银+0.6,mba+银+0.6,single,1,True,False,False,6,0,0,1
S0053,mba+银+0.6,mba+银+0.6,single,1,True,False,False,6,0,0,1
S0054,mba+银+0.6,mba+银+0.6,single,1,True,False,False,6,0,0,1
S0055,mba+银+0.6,mba+银+0.6,single,1,True,False,False,6,0,0,1
S0056,mba+银+0.6,mba+银+0.6,single,1,True,False,False,6,0,0,1
S0057,mba+银+0.6,mba+银+0.6,single,1,True,False,False,6,0,0,1
S0058,mba+银+0.6,mba+银+0.6,single,1,True,False,False,6,0,0,1
S0059,mba+银+0.6,mba+银+0.6,single,1,True,False,False,6,0,0,1
S0060,mba+银+0.6,mba+银+0.6,single,1,True,False,False,6,0,0,1
S0061,mba+银+0.6,mba+银+0.6,single,1,True,False,False,6,0,0,1
S0062,孔+银+0.4,孔+银+0.4,single,1,False,False,True,0,0,4,2
S0063,孔+银+0.4,孔+银+0.4,single,1,False,False,True,0,0,4,2
S0064,孔+银+0.4,孔+银+0.4,single,1,False,False,True,0,0,4,2
S0065,孔+银+0.4,孔+银+0.4,single,1,False,False,True,0,0,4,2
S0066,孔+银+0.4,孔+银+0.4,single,1,False,False,True,0,0,4,2
S0067,孔+银+0.4,孔+银+0.4,single,1,False,False,True,0,0,4,2
S0068,孔+银+0.4,孔+银+0.4,single,1,False,False,True,0,0,4,2
S0069,孔+银+0.4,孔+银+0.4,single,1,False,False,True,0,0,4,2
S0070,孔+银+0.4,孔+银+0.4,single,1,False,False,True,0,0,4,2
S0071,孔+银+0.4,孔+银+0.4,single,1,False,False,True,0,0,4,2
S0072,孔+银+0.4,孔+银+0.4,single,1,False,False,True,0,0,4,2
S0073,孔+银+0.4,孔+银+0.4,single,1,False,False,True,0,0,4,2
S0074,孔+银+0.4,孔+银+0.4,single,1,False,False,True,0,0,4,2
S0075,孔+银+0.4,孔+银+0.4,single,1,False,False,True,0,0,4,2
S0076,孔+银+0.4,孔+银+0.4,single,1,False,False,True,0,0,4,2
S0077,孔+银+0.4,孔+银+0.4,single,1,False,False,True,0,0,4,2
S0078,孔+银+0.4,孔+银+0.4,single,1,False,False,True,0,0,4,2
S0079,孔+银+0.4,孔+银+0.4,single,1,False,False,True,0,0,4,2
S0080,孔+银+0.4,孔+银+0.4,single,1,False,False,True,0,0,4,2
S0081,孔+银+0.4,孔+银+0.4,single,1,False,False,True,0,0,4,2
S0082,孔+银+0.4,孔+银+0.4,single,1,False,False,True,0,0,4,2
S0083,孔+银+0.5,孔+银+0.5,single,1,False,False,True,0,0,5,0
S0084,孔+银+0.5,孔+银+0.5,single,1,False,False,True,0,0,5,0
S0085,孔+银+0.5,孔+银+0.5,single,1,False,False,True,0,0,5,0
S0086,孔+银+0.5,孔+银+0.5,single,1,False,False,True,0,0,5,0
S0087,孔+银+0.5,孔+银+0.5,single,1,False,False,True,0,0,5,0
S0088,孔+银+0.5,孔+银+0.5,single,1,False,False,True,0,0,5,0
S0089,孔+银+0.5,孔+银+0.5,single,1,False,False,True,0,0,5,0
S0090,孔+银+0.5,孔+银+0.5,single,1,False,False,True,0,0,5,0
S0091,孔+银+0.5,孔+银+0.5,single,1,False,False,True,0,0,5,0
S0092,孔+银+0.5,孔+银+0.5,single,1,False,False,True,0,0,5,0
S0093,孔+银+0.5,孔+银+0.5,single,1,False,False,True,0,0,5,0
S0094,孔+银+0.5,孔+银+0.5,single,1,False,False,True,0,0,5,0
S0095,孔+银+0.5,孔+银+0.5,single,1,False,False,True,0,0,5,0
S0096,孔+银+0.5,孔+银+0.5,single,1,False,False,True,0,0,5,0
S0097,孔+银+0.5,孔+银+0.5,single,1,False,False,True,0,0,5,0
S0098,孔+银+0.5,孔+银+0.5,single,1,False,False,True,0,0,5,0
S0099,孔+银+0.5,孔+银+0.5,single,1,False,False,True,0,0,5,0
S0100,孔+银+0.5,孔+银+0.5,single,1,False,False,True,0,0,5,0
S0101,孔+银+0.5,孔+银+0.5,single,1,False,False,True,0,0,5,0
S0102,孔+银+0.5,孔+银+0.5,single,1,False,False,True,0,0,5,0
S0103,孔+银+0.5,孔+银+0.5,single,1,False,False,True,0,0,5,0
S0104,孔+银+0.5,孔+银+0.5,single,1,False,False,True,0,0,5,0
S0105,孔+银+0.5,孔+银+0.5,single,1,False,False,True,0,0,5,0
S0106,孔+银+0.5,孔+银+0.5,single,1,False,False,True,0,0,5,0
S0107,孔+银+0.5,孔+银+0.5,single,1,False,False,True,0,0,5,0
S0108,孔+银+0.5,孔+银+0.5,single,1,False,False,True,0,0,5,0
S0109,孔+银+0.5,孔+银+0.5,single,1,False,False,True,0,0,5,0
S0110,孔+银+0.6,孔+银+0.6,single,1,False,False,True,0,0,6,1
S0111,孔+银+0.6,孔+银+0.6,single,1,False,False,True,0,0,6,1
S0112,孔+银+0.6,孔+银+0.6,single,1,False,False,True,0,0,6,1
S0113,孔+银+0.6,孔+银+0.6,single,1,False,False,True,0,0,6,1
S0114,孔+银+0.6,孔+银+0.6,single,1,False,False,True,0,0,6,1
S0115,孔+银+0.6,孔+银+0.6,single,1,False,False,True,0,0,6,1
S0116,孔+银+0.6,孔+银+0.6,single,1,False,False,True,0,0,6,1
S0117,孔+银+0.6,孔+银+0.6,single,1,False,False,True,0,0,6,1
S0118,孔+银+0.6,孔+银+0.6,single,1,False,False,True,0,0,6,1
S0119,孔+银+0.6,孔+银+0.6,single,1,False,False,True,0,0,6,1
S0120,孔+银+0.6,孔+银+0.6,single,1,False,False,True,0,0,6,1
S0121,孔+银+0.6,孔+银+0.6,single,1,False,False,True,0,0,6,1
S0122,孔+银+0.6,孔+银+0.6,single,1,False,False,True,0,0,6,1
S0123,孔+银+0.6,孔+银+0.6,single,1,False,False,True,0,0,6,1
S0124,孔+银+0.6,孔+银+0.6,single,1,False,False,True,0,0,6,1
S0125,孔+银+0.6,孔+银+0.6,single,1,False,False,True,0,0,6,1
S0126,孔+银+0.6,孔+银+0.6,single,1,False,False,True,0,0,6,1
S0127,孔+银+0.6,孔+银+0.6,single,1,False,False,True,0,0,6,1
S0128,孔+银+0.6,孔+银+0.6,single,1,False,False,True,0,0,6,1
S0129,孔+银+0.6,孔+银+0.6,single,1,False,False,True,0,0,6,1
S0130,孔4m4,孔4m4,binary_MBA_MG,2,True,False,True,4,0,4,4
S0131,孔4m4,孔4m4,binary_MBA_MG,2,True,False,True,4,0,4,4
S0132,孔4m4,孔4m4,binary_MBA_MG,2,True,False,True,4,0,4,4
S0133,孔4m4,孔4m4,binary_MBA_MG,2,True,False,True,4,0,4,4
S0134,孔4m4,孔4m4,binary_MBA_MG,2,True,False,True,4,0,4,4
S0135,孔4m4,孔4m4,binary_MBA_MG,2,True,False,True,4,0,4,4
S0136,孔4m4,孔4m4,binary_MBA_MG,2,True,False,True,4,0,4,4
S0137,孔4m4,孔4m4,binary_MBA_MG,2,True,False,True,4,0,4,4
S0138,孔4m4,孔4m4,binary_MBA_MG,2,True,False,True,4,0,4,4
S0139,孔4m4,孔4m4,binary_MBA_MG,2,True,False,True,4,0,4,4
S0140,孔4m4,孔4m4,binary_MBA_MG,2,True,False,True,4,0,4,4
S0141,孔4m4,孔4m4,binary_MBA_MG,2,True,False,True,4,0,4,4
S0142,孔4m4,孔4m4,binary_MBA_MG,2,True,False,True,4,0,4,4
S0143,孔4m4,孔4m4,binary_MBA_MG,2,True,False,True,4,0,4,4
S0144,孔4M5,孔4M5,binary_MBA_MG,2,True,False,True,5,0,4,2
S0145,孔4M5,孔4M5,binary_MBA_MG,2,True,False,True,5,0,4,2
S0146,孔4M5,孔4M5,binary_MBA_MG,2,True,False,True,5,0,4,2
S0147,孔4M5,孔4M5,binary_MBA_MG,2,True,False,True,5,0,4,2
S0148,孔4M5,孔4M5,binary_MBA_MG,2,True,False,True,5,0,4,2
S0149,孔4M5,孔4M5,binary_MBA_MG,2,True,False,True,5,0,4,2
S0150,孔4M5,孔4M5,binary_MBA_MG,2,True,False,True,5,0,4,2
S0151,孔4M5,孔4M5,binary_MBA_MG,2,True,False,True,5,0,4,2
S0152,孔4M5,孔4M5,binary_MBA_MG,2,True,False,True,5,0,4,2
S0153,孔4M5,孔4M5,binary_MBA_MG,2,True,False,True,5,0,4,2
S0154,孔4M5,孔4M5,binary_MBA_MG,2,True,False,True,5,0,4,2
S0155,孔4M5,孔4M5,binary_MBA_MG,2,True,False,True,5,0,4,2
S0156,孔4M6,孔4M6,binary_MBA_MG,2,True,False,True,6,0,4,3
S0157,孔4M6,孔4M6,binary_MBA_MG,2,True,False,True,6,0,4,3
S0158,孔4M6,孔4M6,binary_MBA_MG,2,True,False,True,6,0,4,3
S0159,孔4M6,孔4M6,binary_MBA_MG,2,True,False,True,6,0,4,3
S0160,孔4M6,孔4M6,binary_MBA_MG,2,True,False,True,6,0,4,3
S0161,孔4M6,孔4M6,binary_MBA_MG,2,True,False,True,6,0,4,3
S0162,孔4M6,孔4M6,binary_MBA_MG,2,True,False,True,6,0,4,3
S0163,孔4M6,孔4M6,binary_MBA_MG,2,True,False,True,6,0,4,3
S0164,孔4M6,孔4M6,binary_MBA_MG,2,True,False,True,6,0,4,3
S0165,孔4M6,孔4M6,binary_MBA_MG,2,True,False,True,6,0,4,3
S0166,孔4M6,孔4M6,binary_MBA_MG,2,True,False,True,6,0,4,3
S0167,孔4M6,孔4M6,binary_MBA_MG,2,True,False,True,6,0,4,3
S0168,孔4M6,孔4M6,binary_MBA_MG,2,True,False,True,6,0,4,3
S0169,孔4M6,孔4M6,binary_MBA_MG,2,True,False,True,6,0,4,3
S0170,孔5m4,孔5m4,binary_MBA_MG,2,True,False,True,4,0,5,2
S0171,孔5m4,孔5m4,binary_MBA_MG,2,True,False,True,4,0,5,2
S0172,孔5m4,孔5m4,binary_MBA_MG,2,True,False,True,4,0,5,2
S0173,孔5m4,孔5m4,binary_MBA_MG,2,True,False,True,4,0,5,2
S0174,孔5m4,孔5m4,binary_MBA_MG,2,True,False,True,4,0,5,2
S0175,孔5m4,孔5m4,binary_MBA_MG,2,True,False,True,4,0,5,2
S0176,孔5m4,孔5m4,binary_MBA_MG,2,True,False,True,4,0,5,2
S0177,孔5m4,孔5m4,binary_MBA_MG,2,True,False,True,4,0,5,2
S0178,孔5m4,孔5m4,binary_MBA_MG,2,True,False,True,4,0,5,2
S0179,孔5m4,孔5m4,binary_MBA_MG,2,True,False,True,4,0,5,2
S0180,孔5m4,孔5m4,binary_MBA_MG,2,True,False,True,4,0,5,2
S0181,孔5m4,孔5m4,binary_MBA_MG,2,True,False,True,4,0,5,2
S0182,孔5m4,孔5m4,binary_MBA_MG,2,True,False,True,4,0,5,2
S0183,孔5m4,孔5m4,binary_MBA_MG,2,True,False,True,4,0,5,2
S0184,孔5m5,孔5m5,binary_MBA_MG,2,True,False,True,5,0,5,0
S0185,孔5m5,孔5m5,binary_MBA_MG,2,True,False,True,5,0,5,0
S0186,孔5m5,孔5m5,binary_MBA_MG,2,True,False,True,5,0,5,0
S0187,孔5m5,孔5m5,binary_MBA_MG,2,True,False,True,5,0,5,0
S0188,孔5m5,孔5m5,binary_MBA_MG,2,True,False,True,5,0,5,0
S0189,孔5m5,孔5m5,binary_MBA_MG,2,True,False,True,5,0,5,0
S0190,孔5m5,孔5m5,binary_MBA_MG,2,True,False,True,5,0,5,0
S0191,孔5m5,孔5m5,binary_MBA_MG,2,True,False,True,5,0,5,0
S0192,孔5m5,孔5m5,binary_MBA_MG,2,True,False,True,5,0,5,0
S0193,孔5m5,孔5m5,binary_MBA_MG,2,True,False,True,5,0,5,0
S0194,孔5m5,孔5m5,binary_MBA_MG,2,True,False,True,5,0,5,0
S0195,孔5m5,孔5m5,binary_MBA_MG,2,True,False,True,5,0,5,0
S0196,孔5m5,孔5m5,binary_MBA_MG,2,True,False,True,5,0,5,0
S0197,孔5m5,孔5m5,binary_MBA_MG,2,True,False,True,5,0,5,0
S0198,孔5m6,孔5m6,binary_MBA_MG,2,True,False,True,6,0,5,1
S0199,孔5m6,孔5m6,binary_MBA_MG,2,True,False,True,6,0,5,1
S0200,孔5m6,孔5m6,binary_MBA_MG,2,True,False,True,6,0,5,1
S0201,孔5m6,孔5m6,binary_MBA_MG,2,True,False,True,6,0,5,1
S0202,孔5m6,孔5m6,binary_MBA_MG,2,True,False,True,6,0,5,1
S0203,孔5m6,孔5m6,binary_MBA_MG,2,True,False,True,6,0,5,1
S0204,孔5m6,孔5m6,binary_MBA_MG,2,True,False,True,6,0,5,1
S0205,孔5m6,孔5m6,binary_MBA_MG,2,True,False,True,6,0,5,1
S0206,孔5m6,孔5m6,binary_MBA_MG,2,True,False,True,6,0,5,1
S0207,孔5m6,孔5m6,binary_MBA_MG,2,True,False,True,6,0,5,1
S0208,孔5m6,孔5m6,binary_MBA_MG,2,True,False,True,6,0,5,1
S0209,孔5m6,孔5m6,binary_MBA_MG,2,True,False,True,6,0,5,1
S0210,孔5m6,孔5m6,binary_MBA_MG,2,True,False,True,6,0,5,1
S0211,孔5m6,孔5m6,binary_MBA_MG,2,True,False,True,6,0,5,1
S0212,孔5m6,孔5m6,binary_MBA_MG,2,True,False,True,6,0,5,1
S0213,孔5m6,孔5m6,binary_MBA_MG,2,True,False,True,6,0,5,1
S0214,孔6m4,孔6m4,binary_MBA_MG,2,True,False,True,4,0,6,0
S0215,孔6m4,孔6m4,binary_MBA_MG,2,True,False,True,4,0,6,0
S0216,孔6m4,孔6m4,binary_MBA_MG,2,True,False,True,4,0,6,0
S0217,孔6m4,孔6m4,binary_MBA_MG,2,True,False,True,4,0,6,0
S0218,孔6m4,孔6m4,binary_MBA_MG,2,True,False,True,4,0,6,0
S0219,孔6m4,孔6m4,binary_MBA_MG,2,True,False,True,4,0,6,0
S0220,孔6m4,孔6m4,binary_MBA_MG,2,True,False,True,4,0,6,0
S0221,孔6m4,孔6m4,binary_MBA_MG,2,True,False,True,4,0,6,0
S0222,孔6m4,孔6m4,binary_MBA_MG,2,True,False,True,4,0,6,0
S0223,孔6m4,孔6m4,binary_MBA_MG,2,True,False,True,4,0,6,0
S0224,孔6m4,孔6m4,binary_MBA_MG,2,True,False,True,4,0,6,0
S0225,孔6m4,孔6m4,binary_MBA_MG,2,True,False,True,4,0,6,0
S0226,孔6m4,孔6m4,binary_MBA_MG,2,True,False,True,4,0,6,0
S0227,孔6m4,孔6m4,binary_MBA_MG,2,True,False,True,4,0,6,0
S0228,孔6m4,孔6m4,binary_MBA_MG,2,True,False,True,4,0,6,0
S0229,孔6m5,孔6m5,binary_MBA_MG,2,True,False,True,5,0,6,3
S0230,孔6m5,孔6m5,binary_MBA_MG,2,True,False,True,5,0,6,3
S0231,孔6m5,孔6m5,binary_MBA_MG,2,True,False,True,5,0,6,3
S0232,孔6m5,孔6m5,binary_MBA_MG,2,True,False,True,5,0,6,3
S0233,孔6m5,孔6m5,binary_MBA_MG,2,True,False,True,5,0,6,3
S0234,孔6m5,孔6m5,binary_MBA_MG,2,True,False,True,5,0,6,3
S0235,孔6m5,孔6m5,binary_MBA_MG,2,True,False,True,5,0,6,3
S0236,孔6m5,孔6m5,binary_MBA_MG,2,True,False,True,5,0,6,3
S0237,孔6m5,孔6m5,binary_MBA_MG,2,True,False,True,5,0,6,3
S0238,孔6m5,孔6m5,binary_MBA_MG,2,True,False,True,5,0,6,3
S0239,孔6m5,孔6m5,binary_MBA_MG,2,True,False,True,5,0,6,3
S0240,孔6m5,孔6m5,binary_MBA_MG,2,True,False,True,5,0,6,3
S0241,孔6m5,孔6m5,binary_MBA_MG,2,True,False,True,5,0,6,3
S0242,孔6m5,孔6m5,binary_MBA_MG,2,True,False,True,5,0,6,3
S0243,孔6m5,孔6m5,binary_MBA_MG,2,True,False,True,5,0,6,3
S0244,孔6m6,孔6m6,binary_MBA_MG,2,True,False,True,6,0,6,3
S0245,孔6m6,孔6m6,binary_MBA_MG,2,True,False,True,6,0,6,3
S0246,孔6m6,孔6m6,binary_MBA_MG,2,True,False,True,6,0,6,3
S0247,孔6m6,孔6m6,binary_MBA_MG,2,True,False,True,6,0,6,3
S0248,孔6m6,孔6m6,binary_MBA_MG,2,True,False,True,6,0,6,3
S0249,孔6m6,孔6m6,binary_MBA_MG,2,True,False,True,6,0,6,3
S0250,孔6m6,孔6m6,binary_MBA_MG,2,True,False,True,6,0,6,3
S0251,孔6m6,孔6m6,binary_MBA_MG,2,True,False,True,6,0,6,3
S0252,孔6m6,孔6m6,binary_MBA_MG,2,True,False,True,6,0,6,3
S0253,孔6m6,孔6m6,binary_MBA_MG,2,True,False,True,6,0,6,3
S0254,孔6m6,孔6m6,binary_MBA_MG,2,True,False,True,6,0,6,3
S0255,孔6m6,孔6m6,binary_MBA_MG,2,True,False,True,6,0,6,3
S0256,孔6m6,孔6m6,binary_MBA_MG,2,True,False,True,6,0,6,3
S0257,孔6m6,孔6m6,binary_MBA_MG,2,True,False,True,6,0,6,3
S0258,福美双+银+0.4,福美双+银+0.4,single,1,False,True,False,0,4,0,2
S0259,福美双+银+0.4,福美双+银+0.4,single,1,False,True,False,0,4,0,2
S0260,福美双+银+0.4,福美双+银+0.4,single,1,False,True,False,0,4,0,2
S0261,福美双+银+0.4,福美双+银+0.4,single,1,False,True,False,0,4,0,2
S0262,福美双+银+0.4,福美双+银+0.4,single,1,False,True,False,0,4,0,2
S0263,福美双+银+0.4,福美双+银+0.4,single,1,False,True,False,0,4,0,2
S0264,福美双+银+0.4,福美双+银+0.4,single,1,False,True,False,0,4,0,2
S0265,福美双+银+0.4,福美双+银+0.4,single,1,False,True,False,0,4,0,2
S0266,福美双+银+0.4,福美双+银+0.4,single,1,False,True,False,0,4,0,2
S0267,福美双+银+0.4,福美双+银+0.4,single,1,False,True,False,0,4,0,2
S0268,福美双+银+0.4,福美双+银+0.4,single,1,False,True,False,0,4,0,2
S0269,福美双+银+0.4,福美双+银+0.4,single,1,False,True,False,0,4,0,2
S0270,福美双+银+0.4,福美双+银+0.4,single,1,False,True,False,0,4,0,2
S0271,福美双+银+0.4,福美双+银+0.4,single,1,False,True,False,0,4,0,2
S0272,福美双+银+0.4,福美双+银+0.4,single,1,False,True,False,0,4,0,2
S0273,福美双+银+0.4,福美双+银+0.4,single,1,False,True,False,0,4,0,2
S0274,福美双+银+0.4,福美双+银+0.4,single,1,False,True,False,0,4,0,2
S0275,福美双+银+0.4,福美双+银+0.4,single,1,False,True,False,0,4,0,2
S0276,福美双+银+0.5,福美双+银+0.5,single,1,False,True,False,0,5,0,0
S0277,福美双+银+0.5,福美双+银+0.5,single,1,False,True,False,0,5,0,0
S0278,福美双+银+0.5,福美双+银+0.5,single,1,False,True,False,0,5,0,0
S0279,福美双+银+0.5,福美双+银+0.5,single,1,False,True,False,0,5,0,0
S0280,福美双+银+0.5,福美双+银+0.5,single,1,False,True,False,0,5,0,0
S0281,福美双+银+0.5,福美双+银+0.5,single,1,False,True,False,0,5,0,0
S0282,福美双+银+0.5,福美双+银+0.5,single,1,False,True,False,0,5,0,0
S0283,福美双+银+0.5,福美双+银+0.5,single,1,False,True,False,0,5,0,0
S0284,福美双+银+0.5,福美双+银+0.5,single,1,False,True,False,0,5,0,0
S0285,福美双+银+0.5,福美双+银+0.5,single,1,False,True,False,0,5,0,0
S0286,福美双+银+0.5,福美双+银+0.5,single,1,False,True,False,0,5,0,0
S0287,福美双+银+0.5,福美双+银+0.5,single,1,False,True,False,0,5,0,0
S0288,福美双+银+0.5,福美双+银+0.5,single,1,False,True,False,0,5,0,0
S0289,福美双+银+0.5,福美双+银+0.5,single,1,False,True,False,0,5,0,0
S0290,福美双+银+0.5,福美双+银+0.5,single,1,False,True,False,0,5,0,0
S0291,福美双+银+0.5,福美双+银+0.5,single,1,False,True,False,0,5,0,0
S0292,福美双+银+0.5,福美双+银+0.5,single,1,False,True,False,0,5,0,0
S0293,福美双+银+0.5,福美双+银+0.5,single,1,False,True,False,0,5,0,0
S0294,福美双+银+0.5,福美双+银+0.5,single,1,False,True,False,0,5,0,0
S0295,福美双+银+0.5,福美双+银+0.5,single,1,False,True,False,0,5,0,0
S0296,福美双+银+0.6,福美双+银+0.6,single,1,False,True,False,0,6,0,3
S0297,福美双+银+0.6,福美双+银+0.6,single,1,False,True,False,0,6,0,3
S0298,福美双+银+0.6,福美双+银+0.6,single,1,False,True,False,0,6,0,3
S0299,福美双+银+0.6,福美双+银+0.6,single,1,False,True,False,0,6,0,3
S0300,福美双+银+0.6,福美双+银+0.6,single,1,False,True,False,0,6,0,3
S0301,福美双+银+0.6,福美双+银+0.6,single,1,False,True,False,0,6,0,3
S0302,福美双+银+0.6,福美双+银+0.6,single,1,False,True,False,0,6,0,3
S0303,福美双+银+0.6,福美双+银+0.6,single,1,False,True,False,0,6,0,3
S0304,福美双+银+0.6,福美双+银+0.6,single,1,False,True,False,0,6,0,3
S0305,福美双+银+0.6,福美双+银+0.6,single,1,False,True,False,0,6,0,3
S0306,福美双+银+0.6,福美双+银+0.6,single,1,False,True,False,0,6,0,3
S0307,福美双+银+0.6,福美双+银+0.6,single,1,False,True,False,0,6,0,3
S0308,福美双+银+0.6,福美双+银+0.6,single,1,False,True,False,0,6,0,3
S0309,福美双+银+0.6,福美双+银+0.6,single,1,False,True,False,0,6,0,3
S0310,福美双+银+0.6,福美双+银+0.6,single,1,False,True,False,0,6,0,3
S0311,福美双+银+0.6,福美双+银+0.6,single,1,False,True,False,0,6,0,3
S0312,福美双+银+0.6,福美双+银+0.6,single,1,False,True,False,0,6,0,3
S0313,福美双+银+0.6,福美双+银+0.6,single,1,False,True,False,0,6,0,3
S0314,福美双+银+0.6,福美双+银+0.6,single,1,False,True,False,0,6,0,3
S0315,福美双+银+0.6,福美双+银+0.6,single,1,False,True,False,0,6,0,3
S0316,美4K4M4,美4K4M4,ternary,3,True,True,True,4,4,4,4
S0317,美4K4M4,美4K4M4,ternary,3,True,True,True,4,4,4,4
S0318,美4K4M4,美4K4M4,ternary,3,True,True,True,4,4,4,4
S0319,美4K4M4,美4K4M4,ternary,3,True,True,True,4,4,4,4
S0320,美4K4M4,美4K4M4,ternary,3,True,True,True,4,4,4,4
S0321,美4K4M4,美4K4M4,ternary,3,True,True,True,4,4,4,4
S0322,美4K4M4,美4K4M4,ternary,3,True,True,True,4,4,4,4
S0323,美4K4M4,美4K4M4,ternary,3,True,True,True,4,4,4,4
S0324,美4K4M4,美4K4M4,ternary,3,True,True,True,4,4,4,4
S0325,美4K4M4,美4K4M4,ternary,3,True,True,True,4,4,4,4
S0326,美4K4M4,美4K4M4,ternary,3,True,True,True,4,4,4,4
S0327,美4K4M4,美4K4M4,ternary,3,True,True,True,4,4,4,4
S0328,美4K4M5,美4K4M5,ternary,3,True,True,True,5,4,4,4
S0329,美4K4M5,美4K4M5,ternary,3,True,True,True,5,4,4,4
S0330,美4K4M5,美4K4M5,ternary,3,True,True,True,5,4,4,4
S0331,美4K4M5,美4K4M5,ternary,3,True,True,True,5,4,4,4
S0332,美4K4M5,美4K4M5,ternary,3,True,True,True,5,4,4,4
S0333,美4K4M5,美4K4M5,ternary,3,True,True,True,5,4,4,4
S0334,美4K4M5,美4K4M5,ternary,3,True,True,True,5,4,4,4
S0335,美4K4M5,美4K4M5,ternary,3,True,True,True,5,4,4,4
S0336,美4K4M5,美4K4M5,ternary,3,True,True,True,5,4,4,4
S0337,美4K4M5,美4K4M5,ternary,3,True,True,True,5,4,4,4
S0338,美4K4M5,美4K4M5,ternary,3,True,True,True,5,4,4,4
S0339,美4K4M5,美4K4M5,ternary,3,True,True,True,5,4,4,4
S0340,美4K4M5,美4K4M5,ternary,3,True,True,True,5,4,4,4
S0341,美4K4M5,美4K4M5,ternary,3,True,True,True,5,4,4,4
S0342,美4K4M5,美4K4M5,ternary,3,True,True,True,5,4,4,4
S0343,美4K4M6,美4K4M6,ternary,3,True,True,True,6,4,4,3
S0344,美4K4M6,美4K4M6,ternary,3,True,True,True,6,4,4,3
S0345,美4K4M6,美4K4M6,ternary,3,True,True,True,6,4,4,3
S0346,美4K4M6,美4K4M6,ternary,3,True,True,True,6,4,4,3
S0347,美4K4M6,美4K4M6,ternary,3,True,True,True,6,4,4,3
S0348,美4K4M6,美4K4M6,ternary,3,True,True,True,6,4,4,3
S0349,美4K4M6,美4K4M6,ternary,3,True,True,True,6,4,4,3
S0350,美4K4M6,美4K4M6,ternary,3,True,True,True,6,4,4,3
S0351,美4K4M6,美4K4M6,ternary,3,True,True,True,6,4,4,3
S0352,美4K4M6,美4K4M6,ternary,3,True,True,True,6,4,4,3
S0353,美4K4M6,美4K4M6,ternary,3,True,True,True,6,4,4,3
S0354,美4K4M6,美4K4M6,ternary,3,True,True,True,6,4,4,3
S0355,美4K4M6,美4K4M6,ternary,3,True,True,True,6,4,4,3
S0356,美4K4M6,美4K4M6,ternary,3,True,True,True,6,4,4,3
S0357,美4K4M6,美4K4M6,ternary,3,True,True,True,6,4,4,3
S0358,美4K5M4,美4K5M4,ternary,3,True,True,True,4,4,5,4
S0359,美4K5M4,美4K5M4,ternary,3,True,True,True,4,4,5,4
S0360,美4K5M4,美4K5M4,ternary,3,True,True,True,4,4,5,4
S0361,美4K5M4,美4K5M4,ternary,3,True,True,True,4,4,5,4
S0362,美4K5M4,美4K5M4,ternary,3,True,True,True,4,4,5,4
S0363,美4K5M4,美4K5M4,ternary,3,True,True,True,4,4,5,4
S0364,美4K5M4,美4K5M4,ternary,3,True,True,True,4,4,5,4
S0365,美4K5M4,美4K5M4,ternary,3,True,True,True,4,4,5,4
S0366,美4K5M4,美4K5M4,ternary,3,True,True,True,4,4,5,4
S0367,美4K5M4,美4K5M4,ternary,3,True,True,True,4,4,5,4
S0368,美4K5M4,美4K5M4,ternary,3,True,True,True,4,4,5,4
S0369,美4K5M4,美4K5M4,ternary,3,True,True,True,4,4,5,4
S0370,美4K5M4,美4K5M4,ternary,3,True,True,True,4,4,5,4
S0371,美4K5M4,美4K5M4,ternary,3,True,True,True,4,4,5,4
S0372,美4K5M4,美4K5M4,ternary,3,True,True,True,4,4,5,4
S0373,美4K5M4,美4K5M4,ternary,3,True,True,True,4,4,5,4
S0374,美4K5M5,美4K5M5,ternary,3,True,True,True,5,4,5,0
S0375,美4K5M5,美4K5M5,ternary,3,True,True,True,5,4,5,0
S0376,美4K5M5,美4K5M5,ternary,3,True,True,True,5,4,5,0
S0377,美4K5M5,美4K5M5,ternary,3,True,True,True,5,4,5,0
S0378,美4K5M5,美4K5M5,ternary,3,True,True,True,5,4,5,0
S0379,美4K5M5,美4K5M5,ternary,3,True,True,True,5,4,5,0
S0380,美4K5M5,美4K5M5,ternary,3,True,True,True,5,4,5,0
S0381,美4K5M5,美4K5M5,ternary,3,True,True,True,5,4,5,0
S0382,美4K5M5,美4K5M5,ternary,3,True,True,True,5,4,5,0
S0383,美4K5M5,美4K5M5,ternary,3,True,True,True,5,4,5,0
S0384,美4K5M5,美4K5M5,ternary,3,True,True,True,5,4,5,0
S0385,美4K5M5,美4K5M5,ternary,3,True,True,True,5,4,5,0
S0386,美4K5M5,美4K5M5,ternary,3,True,True,True,5,4,5,0
S0387,美4K5M5,美4K5M5,ternary,3,True,True,True,5,4,5,0
S0388,美4K5M5,美4K5M5,ternary,3,True,True,True,5,4,5,0
S0389,美4K5M6,美4K5M6,ternary,3,True,True,True,6,4,5,2
S0390,美4K5M6,美4K5M6,ternary,3,True,True,True,6,4,5,2
S0391,美4K5M6,美4K5M6,ternary,3,True,True,True,6,4,5,2
S0392,美4K5M6,美4K5M6,ternary,3,True,True,True,6,4,5,2
S0393,美4K5M6,美4K5M6,ternary,3,True,True,True,6,4,5,2
S0394,美4K5M6,美4K5M6,ternary,3,True,True,True,6,4,5,2
S0395,美4K5M6,美4K5M6,ternary,3,True,True,True,6,4,5,2
S0396,美4K5M6,美4K5M6,ternary,3,True,True,True,6,4,5,2
S0397,美4K5M6,美4K5M6,ternary,3,True,True,True,6,4,5,2
S0398,美4K5M6,美4K5M6,ternary,3,True,True,True,6,4,5,2
S0399,美4K5M6,美4K5M6,ternary,3,True,True,True,6,4,5,2
S0400,美4K5M6,美4K5M6,ternary,3,True,True,True,6,4,5,2
S0401,美4K5M6,美4K5M6,ternary,3,True,True,True,6,4,5,2
S0402,美4K5M6,美4K5M6,ternary,3,True,True,True,6,4,5,2
S0403,美4K5M6,美4K5M6,ternary,3,True,True,True,6,4,5,2
S0404,美4K6M4,美4K6M4,ternary,3,True,True,True,4,4,6,2
S0405,美4K6M4,美4K6M4,ternary,3,True,True,True,4,4,6,2
S0406,美4K6M4,美4K6M4,ternary,3,True,True,True,4,4,6,2
S0407,美4K6M4,美4K6M4,ternary,3,True,True,True,4,4,6,2
S0408,美4K6M4,美4K6M4,ternary,3,True,True,True,4,4,6,2
S0409,美4K6M4,美4K6M4,ternary,3,True,True,True,4,4,6,2
S0410,美4K6M4,美4K6M4,ternary,3,True,True,True,4,4,6,2
S0411,美4K6M4,美4K6M4,ternary,3,True,True,True,4,4,6,2
S0412,美4K6M4,美4K6M4,ternary,3,True,True,True,4,4,6,2
S0413,美4K6M4,美4K6M4,ternary,3,True,True,True,4,4,6,2
S0414,美4K6M4,美4K6M4,ternary,3,True,True,True,4,4,6,2
S0415,美4K6M4,美4K6M4,ternary,3,True,True,True,4,4,6,2
S0416,美4K6M4,美4K6M4,ternary,3,True,True,True,4,4,6,2
S0417,美4K6M4,美4K6M4,ternary,3,True,True,True,4,4,6,2
S0418,美4K6M5,美4K6M5,ternary,3,True,True,True,5,4,6,1
S0419,美4K6M5,美4K6M5,ternary,3,True,True,True,5,4,6,1
S0420,美4K6M5,美4K6M5,ternary,3,True,True,True,5,4,6,1
S0421,美4K6M5,美4K6M5,ternary,3,True,True,True,5,4,6,1
S0422,美4K6M5,美4K6M5,ternary,3,True,True,True,5,4,6,1
S0423,美4K6M5,美4K6M5,ternary,3,True,True,True,5,4,6,1
S0424,美4K6M5,美4K6M5,ternary,3,True,True,True,5,4,6,1
S0425,美4K6M5,美4K6M5,ternary,3,True,True,True,5,4,6,1
S0426,美4K6M5,美4K6M5,ternary,3,True,True,True,5,4,6,1
S0427,美4K6M5,美4K6M5,ternary,3,True,True,True,5,4,6,1
S0428,美4K6M5,美4K6M5,ternary,3,True,True,True,5,4,6,1
S0429,美4K6M5,美4K6M5,ternary,3,True,True,True,5,4,6,1
S0430,美4K6M5,美4K6M5,ternary,3,True,True,True,5,4,6,1
S0431,美4K6M5,美4K6M5,ternary,3,True,True,True,5,4,6,1
S0432,美4K6M6,美4K6M6,ternary,3,True,True,True,6,4,6,1
S0433,美4K6M6,美4K6M6,ternary,3,True,True,True,6,4,6,1
S0434,美4K6M6,美4K6M6,ternary,3,True,True,True,6,4,6,1
S0435,美4K6M6,美4K6M6,ternary,3,True,True,True,6,4,6,1
S0436,美4K6M6,美4K6M6,ternary,3,True,True,True,6,4,6,1
S0437,美4K6M6,美4K6M6,ternary,3,True,True,True,6,4,6,1
S0438,美4K6M6,美4K6M6,ternary,3,True,True,True,6,4,6,1
S0439,美4K6M6,美4K6M6,ternary,3,True,True,True,6,4,6,1
S0440,美4K6M6,美4K6M6,ternary,3,True,True,True,6,4,6,1
S0441,美4K6M6,美4K6M6,ternary,3,True,True,True,6,4,6,1
S0442,美4K6M6,美4K6M6,ternary,3,True,True,True,6,4,6,1
S0443,美4K6M6,美4K6M6,ternary,3,True,True,True,6,4,6,1
S0444,美4K6M6,美4K6M6,ternary,3,True,True,True,6,4,6,1
S0445,美4M4,美4M4,binary_MBA_Thiram,2,True,True,False,4,4,0,4
S0446,美4M4,美4M4,binary_MBA_Thiram,2,True,True,False,4,4,0,4
S0447,美4M4,美4M4,binary_MBA_Thiram,2,True,True,False,4,4,0,4
S0448,美4M4,美4M4,binary_MBA_Thiram,2,True,True,False,4,4,0,4
S0449,美4M4,美4M4,binary_MBA_Thiram,2,True,True,False,4,4,0,4
S0450,美4M4,美4M4,binary_MBA_Thiram,2,True,True,False,4,4,0,4
S0451,美4M4,美4M4,binary_MBA_Thiram,2,True,True,False,4,4,0,4
S0452,美4M4,美4M4,binary_MBA_Thiram,2,True,True,False,4,4,0,4
S0453,美4M4,美4M4,binary_MBA_Thiram,2,True,True,False,4,4,0,4
S0454,美4M4,美4M4,binary_MBA_Thiram,2,True,True,False,4,4,0,4
S0455,美4M4,美4M4,binary_MBA_Thiram,2,True,True,False,4,4,0,4
S0456,美4M4,美4M4,binary_MBA_Thiram,2,True,True,False,4,4,0,4
S0457,美4M4,美4M4,binary_MBA_Thiram,2,True,True,False,4,4,0,4
S0458,美4M4,美4M4,binary_MBA_Thiram,2,True,True,False,4,4,0,4
S0459,美4M4,美4M4,binary_MBA_Thiram,2,True,True,False,4,4,0,4
S0460,美4M4,美4M4,binary_MBA_Thiram,2,True,True,False,4,4,0,4
S0461,美4M4,美4M4,binary_MBA_Thiram,2,True,True,False,4,4,0,4
S0462,美4M4,美4M4,binary_MBA_Thiram,2,True,True,False,4,4,0,4
S0463,美4M4,美4M4,binary_MBA_Thiram,2,True,True,False,4,4,0,4
S0464,美4M4,美4M4,binary_MBA_Thiram,2,True,True,False,4,4,0,4
S0465,美4M5,美4M5,binary_MBA_Thiram,2,True,True,False,5,4,0,1
S0466,美4M5,美4M5,binary_MBA_Thiram,2,True,True,False,5,4,0,1
S0467,美4M5,美4M5,binary_MBA_Thiram,2,True,True,False,5,4,0,1
S0468,美4M5,美4M5,binary_MBA_Thiram,2,True,True,False,5,4,0,1
S0469,美4M5,美4M5,binary_MBA_Thiram,2,True,True,False,5,4,0,1
S0470,美4M5,美4M5,binary_MBA_Thiram,2,True,True,False,5,4,0,1
S0471,美4M5,美4M5,binary_MBA_Thiram,2,True,True,False,5,4,0,1
S0472,美4M5,美4M5,binary_MBA_Thiram,2,True,True,False,5,4,0,1
S0473,美4M5,美4M5,binary_MBA_Thiram,2,True,True,False,5,4,0,1
S0474,美4M5,美4M5,binary_MBA_Thiram,2,True,True,False,5,4,0,1
S0475,美4M5,美4M5,binary_MBA_Thiram,2,True,True,False,5,4,0,1
S0476,美4M5,美4M5,binary_MBA_Thiram,2,True,True,False,5,4,0,1
S0477,美4M5,美4M5,binary_MBA_Thiram,2,True,True,False,5,4,0,1
S0478,美4M5,美4M5,binary_MBA_Thiram,2,True,True,False,5,4,0,1
S0479,美4M5,美4M5,binary_MBA_Thiram,2,True,True,False,5,4,0,1
S0480,美4M5,美4M5,binary_MBA_Thiram,2,True,True,False,5,4,0,1
S0481,美4M5,美4M5,binary_MBA_Thiram,2,True,True,False,5,4,0,1
S0482,美4M5,美4M5,binary_MBA_Thiram,2,True,True,False,5,4,0,1
S0483,美4M5,美4M5,binary_MBA_Thiram,2,True,True,False,5,4,0,1
S0484,美4M6,美4M6,binary_MBA_Thiram,2,True,True,False,6,4,0,0
S0485,美4M6,美4M6,binary_MBA_Thiram,2,True,True,False,6,4,0,0
S0486,美4M6,美4M6,binary_MBA_Thiram,2,True,True,False,6,4,0,0
S0487,美4M6,美4M6,binary_MBA_Thiram,2,True,True,False,6,4,0,0
S0488,美4M6,美4M6,binary_MBA_Thiram,2,True,True,False,6,4,0,0
S0489,美4M6,美4M6,binary_MBA_Thiram,2,True,True,False,6,4,0,0
S0490,美4M6,美4M6,binary_MBA_Thiram,2,True,True,False,6,4,0,0
S0491,美4M6,美4M6,binary_MBA_Thiram,2,True,True,False,6,4,0,0
S0492,美4M6,美4M6,binary_MBA_Thiram,2,True,True,False,6,4,0,0
S0493,美4M6,美4M6,binary_MBA_Thiram,2,True,True,False,6,4,0,0
S0494,美4M6,美4M6,binary_MBA_Thiram,2,True,True,False,6,4,0,0
S0495,美4M6,美4M6,binary_MBA_Thiram,2,True,True,False,6,4,0,0
S0496,美4M6,美4M6,binary_MBA_Thiram,2,True,True,False,6,4,0,0
S0497,美4M6,美4M6,binary_MBA_Thiram,2,True,True,False,6,4,0,0
S0498,美4M6,美4M6,binary_MBA_Thiram,2,True,True,False,6,4,0,0
S0499,美4M6,美4M6,binary_MBA_Thiram,2,True,True,False,6,4,0,0
S0500,美4M6,美4M6,binary_MBA_Thiram,2,True,True,False,6,4,0,0
S0501,美4M6,美4M6,binary_MBA_Thiram,2,True,True,False,6,4,0,0
S0502,美4孔4+银,美4孔4+银,binary_Thiram_MG,2,False,True,True,0,4,4,2
S0503,美4孔4+银,美4孔4+银,binary_Thiram_MG,2,False,True,True,0,4,4,2
S0504,美4孔4+银,美4孔4+银,binary_Thiram_MG,2,False,True,True,0,4,4,2
S0505,美4孔4+银,美4孔4+银,binary_Thiram_MG,2,False,True,True,0,4,4,2
S0506,美4孔4+银,美4孔4+银,binary_Thiram_MG,2,False,True,True,0,4,4,2
S0507,美4孔4+银,美4孔4+银,binary_Thiram_MG,2,False,True,True,0,4,4,2
S0508,美4孔4+银,美4孔4+银,binary_Thiram_MG,2,False,True,True,0,4,4,2
S0509,美4孔4+银,美4孔4+银,binary_Thiram_MG,2,False,True,True,0,4,4,2
S0510,美4孔4+银,美4孔4+银,binary_Thiram_MG,2,False,True,True,0,4,4,2
S0511,美4孔4+银,美4孔4+银,binary_Thiram_MG,2,False,True,True,0,4,4,2
S0512,美4孔4+银,美4孔4+银,binary_Thiram_MG,2,False,True,True,0,4,4,2
S0513,美4孔4+银,美4孔4+银,binary_Thiram_MG,2,False,True,True,0,4,4,2
S0514,美4孔4+银,美4孔4+银,binary_Thiram_MG,2,False,True,True,0,4,4,2
S0515,美4孔4+银,美4孔4+银,binary_Thiram_MG,2,False,True,True,0,4,4,2
S0516,美4孔4+银,美4孔4+银,binary_Thiram_MG,2,False,True,True,0,4,4,2
S0517,美4孔4+银,美4孔4+银,binary_Thiram_MG,2,False,True,True,0,4,4,2
S0518,美4孔4+银,美4孔4+银,binary_Thiram_MG,2,False,True,True,0,4,4,2
S0519,美4孔4+银,美4孔4+银,binary_Thiram_MG,2,False,True,True,0,4,4,2
S0520,美4孔4+银,美4孔4+银,binary_Thiram_MG,2,False,True,True,0,4,4,2
S0521,美4孔4+银,美4孔4+银,binary_Thiram_MG,2,False,True,True,0,4,4,2
S0522,美4孔5,美4孔5,binary_Thiram_MG,2,False,True,True,0,4,5,1
S0523,美4孔5,美4孔5,binary_Thiram_MG,2,False,True,True,0,4,5,1
S0524,美4孔5,美4孔5,binary_Thiram_MG,2,False,True,True,0,4,5,1
S0525,美4孔5,美4孔5,binary_Thiram_MG,2,False,True,True,0,4,5,1
S0526,美4孔5,美4孔5,binary_Thiram_MG,2,False,True,True,0,4,5,1
S0527,美4孔5,美4孔5,binary_Thiram_MG,2,False,True,True,0,4,5,1
S0528,美4孔5,美4孔5,binary_Thiram_MG,2,False,True,True,0,4,5,1
S0529,美4孔5,美4孔5,binary_Thiram_MG,2,False,True,True,0,4,5,1
S0530,美4孔5,美4孔5,binary_Thiram_MG,2,False,True,True,0,4,5,1
S0531,美4孔5,美4孔5,binary_Thiram_MG,2,False,True,True,0,4,5,1
S0532,美4孔5,美4孔5,binary_Thiram_MG,2,False,True,True,0,4,5,1
S0533,美4孔5,美4孔5,binary_Thiram_MG,2,False,True,True,0,4,5,1
S0534,美4孔5,美4孔5,binary_Thiram_MG,2,False,True,True,0,4,5,1
S0535,美4孔5,美4孔5,binary_Thiram_MG,2,False,True,True,0,4,5,1
S0536,美4孔5,美4孔5,binary_Thiram_MG,2,False,True,True,0,4,5,1
S0537,美4孔6,美4孔6,binary_Thiram_MG,2,False,True,True,0,4,6,4
S0538,美4孔6,美4孔6,binary_Thiram_MG,2,False,True,True,0,4,6,4
S0539,美4孔6,美4孔6,binary_Thiram_MG,2,False,True,True,0,4,6,4
S0540,美4孔6,美4孔6,binary_Thiram_MG,2,False,True,True,0,4,6,4
S0541,美4孔6,美4孔6,binary_Thiram_MG,2,False,True,True,0,4,6,4
S0542,美4孔6,美4孔6,binary_Thiram_MG,2,False,True,True,0,4,6,4
S0543,美4孔6,美4孔6,binary_Thiram_MG,2,False,True,True,0,4,6,4
S0544,美4孔6,美4孔6,binary_Thiram_MG,2,False,True,True,0,4,6,4
S0545,美4孔6,美4孔6,binary_Thiram_MG,2,False,True,True,0,4,6,4
S0546,美4孔6,美4孔6,binary_Thiram_MG,2,False,True,True,0,4,6,4
S0547,美4孔6,美4孔6,binary_Thiram_MG,2,False,True,True,0,4,6,4
S0548,美4孔6,美4孔6,binary_Thiram_MG,2,False,True,True,0,4,6,4
S0549,美4孔6,美4孔6,binary_Thiram_MG,2,False,True,True,0,4,6,4
S0550,美4孔6,美4孔6,binary_Thiram_MG,2,False,True,True,0,4,6,4
S0551,美5K4M4,美5K4M4,ternary,3,True,True,True,4,5,4,4
S0552,美5K4M4,美5K4M4,ternary,3,True,True,True,4,5,4,4
S0553,美5K4M4,美5K4M4,ternary,3,True,True,True,4,5,4,4
S0554,美5K4M4,美5K4M4,ternary,3,True,True,True,4,5,4,4
S0555,美5K4M4,美5K4M4,ternary,3,True,True,True,4,5,4,4
S0556,美5K4M4,美5K4M4,ternary,3,True,True,True,4,5,4,4
S0557,美5K4M4,美5K4M4,ternary,3,True,True,True,4,5,4,4
S0558,美5K4M4,美5K4M4,ternary,3,True,True,True,4,5,4,4
S0559,美5K4M4,美5K4M4,ternary,3,True,True,True,4,5,4,4
S0560,美5K4M4,美5K4M4,ternary,3,True,True,True,4,5,4,4
S0561,美5K4M4,美5K4M4,ternary,3,True,True,True,4,5,4,4
S0562,美5K4M4,美5K4M4,ternary,3,True,True,True,4,5,4,4
S0563,美5K4M4,美5K4M4,ternary,3,True,True,True,4,5,4,4
S0564,美5K4M4,美5K4M4,ternary,3,True,True,True,4,5,4,4
S0565,美5K4M5,美5K4M5,ternary,3,True,True,True,5,5,4,2
S0566,美5K4M5,美5K4M5,ternary,3,True,True,True,5,5,4,2
S0567,美5K4M5,美5K4M5,ternary,3,True,True,True,5,5,4,2
S0568,美5K4M5,美5K4M5,ternary,3,True,True,True,5,5,4,2
S0569,美5K4M5,美5K4M5,ternary,3,True,True,True,5,5,4,2
S0570,美5K4M5,美5K4M5,ternary,3,True,True,True,5,5,4,2
S0571,美5K4M5,美5K4M5,ternary,3,True,True,True,5,5,4,2
S0572,美5K4M5,美5K4M5,ternary,3,True,True,True,5,5,4,2
S0573,美5K4M5,美5K4M5,ternary,3,True,True,True,5,5,4,2
S0574,美5K4M5,美5K4M5,ternary,3,True,True,True,5,5,4,2
S0575,美5K4M5,美5K4M5,ternary,3,True,True,True,5,5,4,2
S0576,美5K4M5,美5K4M5,ternary,3,True,True,True,5,5,4,2
S0577,美5K4M5,美5K4M5,ternary,3,True,True,True,5,5,4,2
S0578,美5K4M5,美5K4M5,ternary,3,True,True,True,5,5,4,2
S0579,美5K4M5,美5K4M5,ternary,3,True,True,True,5,5,4,2
S0580,美5K4M5,美5K4M5,ternary,3,True,True,True,5,5,4,2
S0581,美5K4M5,美5K4M5,ternary,3,True,True,True,5,5,4,2
S0582,美5K4M5,美5K4M5,ternary,3,True,True,True,5,5,4,2
S0583,美5K4M6,美5K4M6,ternary,3,True,True,True,6,5,4,3
S0584,美5K4M6,美5K4M6,ternary,3,True,True,True,6,5,4,3
S0585,美5K4M6,美5K4M6,ternary,3,True,True,True,6,5,4,3
S0586,美5K4M6,美5K4M6,ternary,3,True,True,True,6,5,4,3
S0587,美5K4M6,美5K4M6,ternary,3,True,True,True,6,5,4,3
S0588,美5K4M6,美5K4M6,ternary,3,True,True,True,6,5,4,3
S0589,美5K4M6,美5K4M6,ternary,3,True,True,True,6,5,4,3
S0590,美5K4M6,美5K4M6,ternary,3,True,True,True,6,5,4,3
S0591,美5K4M6,美5K4M6,ternary,3,True,True,True,6,5,4,3
S0592,美5K4M6,美5K4M6,ternary,3,True,True,True,6,5,4,3
S0593,美5K4M6,美5K4M6,ternary,3,True,True,True,6,5,4,3
S0594,美5K4M6,美5K4M6,ternary,3,True,True,True,6,5,4,3
S0595,美5K4M6,美5K4M6,ternary,3,True,True,True,6,5,4,3
S0596,美5K4M6,美5K4M6,ternary,3,True,True,True,6,5,4,3
S0597,美5K5M4,美5K5M4,ternary,3,True,True,True,4,5,5,1
S0598,美5K5M4,美5K5M4,ternary,3,True,True,True,4,5,5,1
S0599,美5K5M4,美5K5M4,ternary,3,True,True,True,4,5,5,1
S0600,美5K5M4,美5K5M4,ternary,3,True,True,True,4,5,5,1
S0601,美5K5M4,美5K5M4,ternary,3,True,True,True,4,5,5,1
S0602,美5K5M4,美5K5M4,ternary,3,True,True,True,4,5,5,1
S0603,美5K5M4,美5K5M4,ternary,3,True,True,True,4,5,5,1
S0604,美5K5M4,美5K5M4,ternary,3,True,True,True,4,5,5,1
S0605,美5K5M4,美5K5M4,ternary,3,True,True,True,4,5,5,1
S0606,美5K5M4,美5K5M4,ternary,3,True,True,True,4,5,5,1
S0607,美5K5M4,美5K5M4,ternary,3,True,True,True,4,5,5,1
S0608,美5K5M4,美5K5M4,ternary,3,True,True,True,4,5,5,1
S0609,美5K5M4,美5K5M4,ternary,3,True,True,True,4,5,5,1
S0610,美5K5M4,美5K5M4,ternary,3,True,True,True,4,5,5,1
S0611,美5K5M4,美5K5M4,ternary,3,True,True,True,4,5,5,1
S0612,美5K5M5,美5K5M5,ternary,3,True,True,True,5,5,5,2
S0613,美5K5M5,美5K5M5,ternary,3,True,True,True,5,5,5,2
S0614,美5K5M5,美5K5M5,ternary,3,True,True,True,5,5,5,2
S0615,美5K5M5,美5K5M5,ternary,3,True,True,True,5,5,5,2
S0616,美5K5M5,美5K5M5,ternary,3,True,True,True,5,5,5,2
S0617,美5K5M5,美5K5M5,ternary,3,True,True,True,5,5,5,2
S0618,美5K5M5,美5K5M5,ternary,3,True,True,True,5,5,5,2
S0619,美5K5M5,美5K5M5,ternary,3,True,True,True,5,5,5,2
S0620,美5K5M5,美5K5M5,ternary,3,True,True,True,5,5,5,2
S0621,美5K5M5,美5K5M5,ternary,3,True,True,True,5,5,5,2
S0622,美5K5M5,美5K5M5,ternary,3,True,True,True,5,5,5,2
S0623,美5K5M5,美5K5M5,ternary,3,True,True,True,5,5,5,2
S0624,美5K5M5,美5K5M5,ternary,3,True,True,True,5,5,5,2
S0625,美5K5M5,美5K5M5,ternary,3,True,True,True,5,5,5,2
S0626,美5K5M6,美5K5M6,ternary,3,True,True,True,6,5,5,2
S0627,美5K5M6,美5K5M6,ternary,3,True,True,True,6,5,5,2
S0628,美5K5M6,美5K5M6,ternary,3,True,True,True,6,5,5,2
S0629,美5K5M6,美5K5M6,ternary,3,True,True,True,6,5,5,2
S0630,美5K5M6,美5K5M6,ternary,3,True,True,True,6,5,5,2
S0631,美5K5M6,美5K5M6,ternary,3,True,True,True,6,5,5,2
S0632,美5K5M6,美5K5M6,ternary,3,True,True,True,6,5,5,2
S0633,美5K5M6,美5K5M6,ternary,3,True,True,True,6,5,5,2
S0634,美5K5M6,美5K5M6,ternary,3,True,True,True,6,5,5,2
S0635,美5K5M6,美5K5M6,ternary,3,True,True,True,6,5,5,2
S0636,美5K5M6,美5K5M6,ternary,3,True,True,True,6,5,5,2
S0637,美5K5M6,美5K5M6,ternary,3,True,True,True,6,5,5,2
S0638,美5K5M6,美5K5M6,ternary,3,True,True,True,6,5,5,2
S0639,美5K5M6,美5K5M6,ternary,3,True,True,True,6,5,5,2
S0640,美5K5M6,美5K5M6,ternary,3,True,True,True,6,5,5,2
S0641,美5K6M4,美5K6M4,ternary,3,True,True,True,4,5,6,1
S0642,美5K6M4,美5K6M4,ternary,3,True,True,True,4,5,6,1
S0643,美5K6M4,美5K6M4,ternary,3,True,True,True,4,5,6,1
S0644,美5K6M4,美5K6M4,ternary,3,True,True,True,4,5,6,1
S0645,美5K6M4,美5K6M4,ternary,3,True,True,True,4,5,6,1
S0646,美5K6M4,美5K6M4,ternary,3,True,True,True,4,5,6,1
S0647,美5K6M4,美5K6M4,ternary,3,True,True,True,4,5,6,1
S0648,美5K6M4,美5K6M4,ternary,3,True,True,True,4,5,6,1
S0649,美5K6M4,美5K6M4,ternary,3,True,True,True,4,5,6,1
S0650,美5K6M4,美5K6M4,ternary,3,True,True,True,4,5,6,1
S0651,美5K6M4,美5K6M4,ternary,3,True,True,True,4,5,6,1
S0652,美5K6M4,美5K6M4,ternary,3,True,True,True,4,5,6,1
S0653,美5K6M4,美5K6M4,ternary,3,True,True,True,4,5,6,1
S0654,美5K6M4,美5K6M4,ternary,3,True,True,True,4,5,6,1
S0655,美5K6M5,美5K6M5,ternary,3,True,True,True,5,5,6,0
S0656,美5K6M5,美5K6M5,ternary,3,True,True,True,5,5,6,0
S0657,美5K6M5,美5K6M5,ternary,3,True,True,True,5,5,6,0
S0658,美5K6M5,美5K6M5,ternary,3,True,True,True,5,5,6,0
S0659,美5K6M5,美5K6M5,ternary,3,True,True,True,5,5,6,0
S0660,美5K6M5,美5K6M5,ternary,3,True,True,True,5,5,6,0
S0661,美5K6M5,美5K6M5,ternary,3,True,True,True,5,5,6,0
S0662,美5K6M5,美5K6M5,ternary,3,True,True,True,5,5,6,0
S0663,美5K6M5,美5K6M5,ternary,3,True,True,True,5,5,6,0
S0664,美5K6M5,美5K6M5,ternary,3,True,True,True,5,5,6,0
S0665,美5K6M5,美5K6M5,ternary,3,True,True,True,5,5,6,0
S0666,美5K6M5,美5K6M5,ternary,3,True,True,True,5,5,6,0
S0667,美5K6M5,美5K6M5,ternary,3,True,True,True,5,5,6,0
S0668,美5K6M6,美5K6M6,ternary,3,True,True,True,6,5,6,4
S0669,美5K6M6,美5K6M6,ternary,3,True,True,True,6,5,6,4
S0670,美5K6M6,美5K6M6,ternary,3,True,True,True,6,5,6,4
S0671,美5K6M6,美5K6M6,ternary,3,True,True,True,6,5,6,4
S0672,美5K6M6,美5K6M6,ternary,3,True,True,True,6,5,6,4
S0673,美5K6M6,美5K6M6,ternary,3,True,True,True,6,5,6,4
S0674,美5K6M6,美5K6M6,ternary,3,True,True,True,6,5,6,4
S0675,美5K6M6,美5K6M6,ternary,3,True,True,True,6,5,6,4
S0676,美5K6M6,美5K6M6,ternary,3,True,True,True,6,5,6,4
S0677,美5K6M6,美5K6M6,ternary,3,True,True,True,6,5,6,4
S0678,美5K6M6,美5K6M6,ternary,3,True,True,True,6,5,6,4
S0679,美5K6M6,美5K6M6,ternary,3,True,True,True,6,5,6,4
S0680,美5K6M6,美5K6M6,ternary,3,True,True,True,6,5,6,4
S0681,美5K6M6,美5K6M6,ternary,3,True,True,True,6,5,6,4
S0682,美5K6M6,美5K6M6,ternary,3,True,True,True,6,5,6,4
S0683,美5K6M6,美5K6M6,ternary,3,True,True,True,6,5,6,4
S0684,美5K6M6,美5K6M6,ternary,3,True,True,True,6,5,6,4
S0685,美5K6M6,美5K6M6,ternary,3,True,True,True,6,5,6,4
S0686,美5K6M6,美5K6M6,ternary,3,True,True,True,6,5,6,4
S0687,美5M4,美5M4,binary_MBA_Thiram,2,True,True,False,4,5,0,4
S0688,美5M4,美5M4,binary_MBA_Thiram,2,True,True,False,4,5,0,4
S0689,美5M4,美5M4,binary_MBA_Thiram,2,True,True,False,4,5,0,4
S0690,美5M4,美5M4,binary_MBA_Thiram,2,True,True,False,4,5,0,4
S0691,美5M4,美5M4,binary_MBA_Thiram,2,True,True,False,4,5,0,4
S0692,美5M4,美5M4,binary_MBA_Thiram,2,True,True,False,4,5,0,4
S0693,美5M4,美5M4,binary_MBA_Thiram,2,True,True,False,4,5,0,4
S0694,美5M4,美5M4,binary_MBA_Thiram,2,True,True,False,4,5,0,4
S0695,美5M4,美5M4,binary_MBA_Thiram,2,True,True,False,4,5,0,4
S0696,美5M4,美5M4,binary_MBA_Thiram,2,True,True,False,4,5,0,4
S0697,美5M4,美5M4,binary_MBA_Thiram,2,True,True,False,4,5,0,4
S0698,美5M4,美5M4,binary_MBA_Thiram,2,True,True,False,4,5,0,4
S0699,美5M4,美5M4,binary_MBA_Thiram,2,True,True,False,4,5,0,4
S0700,美5M4,美5M4,binary_MBA_Thiram,2,True,True,False,4,5,0,4
S0701,美5M4,美5M4,binary_MBA_Thiram,2,True,True,False,4,5,0,4
S0702,美5M4,美5M4,binary_MBA_Thiram,2,True,True,False,4,5,0,4
S0703,美5M5,美5M5,binary_MBA_Thiram,2,True,True,False,5,5,0,0
S0704,美5M5,美5M5,binary_MBA_Thiram,2,True,True,False,5,5,0,0
S0705,美5M5,美5M5,binary_MBA_Thiram,2,True,True,False,5,5,0,0
S0706,美5M5,美5M5,binary_MBA_Thiram,2,True,True,False,5,5,0,0
S0707,美5M5,美5M5,binary_MBA_Thiram,2,True,True,False,5,5,0,0
S0708,美5M5,美5M5,binary_MBA_Thiram,2,True,True,False,5,5,0,0
S0709,美5M5,美5M5,binary_MBA_Thiram,2,True,True,False,5,5,0,0
S0710,美5M5,美5M5,binary_MBA_Thiram,2,True,True,False,5,5,0,0
S0711,美5M5,美5M5,binary_MBA_Thiram,2,True,True,False,5,5,0,0
S0712,美5M5,美5M5,binary_MBA_Thiram,2,True,True,False,5,5,0,0
S0713,美5M5,美5M5,binary_MBA_Thiram,2,True,True,False,5,5,0,0
S0714,美5M5,美5M5,binary_MBA_Thiram,2,True,True,False,5,5,0,0
S0715,美5M5,美5M5,binary_MBA_Thiram,2,True,True,False,5,5,0,0
S0716,美5M5,美5M5,binary_MBA_Thiram,2,True,True,False,5,5,0,0
S0717,美5M5,美5M5,binary_MBA_Thiram,2,True,True,False,5,5,0,0
S0718,美5M5,美5M5,binary_MBA_Thiram,2,True,True,False,5,5,0,0
S0719,美5m6,美5m6,binary_MBA_Thiram,2,True,True,False,6,5,0,4
S0720,美5m6,美5m6,binary_MBA_Thiram,2,True,True,False,6,5,0,4
S0721,美5m6,美5m6,binary_MBA_Thiram,2,True,True,False,6,5,0,4
S0722,美5m6,美5m6,binary_MBA_Thiram,2,True,True,False,6,5,0,4
S0723,美5m6,美5m6,binary_MBA_Thiram,2,True,True,False,6,5,0,4
S0724,美5m6,美5m6,binary_MBA_Thiram,2,True,True,False,6,5,0,4
S0725,美5m6,美5m6,binary_MBA_Thiram,2,True,True,False,6,5,0,4
S0726,美5m6,美5m6,binary_MBA_Thiram,2,True,True,False,6,5,0,4
S0727,美5m6,美5m6,binary_MBA_Thiram,2,True,True,False,6,5,0,4
S0728,美5m6,美5m6,binary_MBA_Thiram,2,True,True,False,6,5,0,4
S0729,美5m6,美5m6,binary_MBA_Thiram,2,True,True,False,6,5,0,4
S0730,美5m6,美5m6,binary_MBA_Thiram,2,True,True,False,6,5,0,4
S0731,美5m6,美5m6,binary_MBA_Thiram,2,True,True,False,6,5,0,4
S0732,美5m6,美5m6,binary_MBA_Thiram,2,True,True,False,6,5,0,4
S0733,美5m6,美5m6,binary_MBA_Thiram,2,True,True,False,6,5,0,4
S0734,美5m6,美5m6,binary_MBA_Thiram,2,True,True,False,6,5,0,4
S0735,美5m6,美5m6,binary_MBA_Thiram,2,True,True,False,6,5,0,4
S0736,美5m6,美5m6,binary_MBA_Thiram,2,True,True,False,6,5,0,4
S0737,美5m6,美5m6,binary_MBA_Thiram,2,True,True,False,6,5,0,4
S0738,美5m6,美5m6,binary_MBA_Thiram,2,True,True,False,6,5,0,4
S0739,美5孔4,美5孔4,binary_Thiram_MG,2,False,True,True,0,5,4,3
S0740,美5孔4,美5孔4,binary_Thiram_MG,2,False,True,True,0,5,4,3
S0741,美5孔4,美5孔4,binary_Thiram_MG,2,False,True,True,0,5,4,3
S0742,美5孔4,美5孔4,binary_Thiram_MG,2,False,True,True,0,5,4,3
S0743,美5孔4,美5孔4,binary_Thiram_MG,2,False,True,True,0,5,4,3
S0744,美5孔4,美5孔4,binary_Thiram_MG,2,False,True,True,0,5,4,3
S0745,美5孔4,美5孔4,binary_Thiram_MG,2,False,True,True,0,5,4,3
S0746,美5孔4,美5孔4,binary_Thiram_MG,2,False,True,True,0,5,4,3
S0747,美5孔4,美5孔4,binary_Thiram_MG,2,False,True,True,0,5,4,3
S0748,美5孔4,美5孔4,binary_Thiram_MG,2,False,True,True,0,5,4,3
S0749,美5孔4,美5孔4,binary_Thiram_MG,2,False,True,True,0,5,4,3
S0750,美5孔4,美5孔4,binary_Thiram_MG,2,False,True,True,0,5,4,3
S0751,美5孔4,美5孔4,binary_Thiram_MG,2,False,True,True,0,5,4,3
S0752,美5孔5,美5孔5,binary_Thiram_MG,2,False,True,True,0,5,5,1
S0753,美5孔5,美5孔5,binary_Thiram_MG,2,False,True,True,0,5,5,1
S0754,美5孔5,美5孔5,binary_Thiram_MG,2,False,True,True,0,5,5,1
S0755,美5孔5,美5孔5,binary_Thiram_MG,2,False,True,True,0,5,5,1
S0756,美5孔5,美5孔5,binary_Thiram_MG,2,False,True,True,0,5,5,1
S0757,美5孔5,美5孔5,binary_Thiram_MG,2,False,True,True,0,5,5,1
S0758,美5孔5,美5孔5,binary_Thiram_MG,2,False,True,True,0,5,5,1
S0759,美5孔5,美5孔5,binary_Thiram_MG,2,False,True,True,0,5,5,1
S0760,美5孔5,美5孔5,binary_Thiram_MG,2,False,True,True,0,5,5,1
S0761,美5孔5,美5孔5,binary_Thiram_MG,2,False,True,True,0,5,5,1
S0762,美5孔5,美5孔5,binary_Thiram_MG,2,False,True,True,0,5,5,1
S0763,美5孔5,美5孔5,binary_Thiram_MG,2,False,True,True,0,5,5,1
S0764,美5孔5,美5孔5,binary_Thiram_MG,2,False,True,True,0,5,5,1
S0765,美5孔5,美5孔5,binary_Thiram_MG,2,False,True,True,0,5,5,1
S0766,美5孔6,美5孔6,binary_Thiram_MG,2,False,True,True,0,5,6,0
S0767,美5孔6,美5孔6,binary_Thiram_MG,2,False,True,True,0,5,6,0
S0768,美5孔6,美5孔6,binary_Thiram_MG,2,False,True,True,0,5,6,0
S0769,美5孔6,美5孔6,binary_Thiram_MG,2,False,True,True,0,5,6,0
S0770,美5孔6,美5孔6,binary_Thiram_MG,2,False,True,True,0,5,6,0
S0771,美5孔6,美5孔6,binary_Thiram_MG,2,False,True,True,0,5,6,0
S0772,美5孔6,美5孔6,binary_Thiram_MG,2,False,True,True,0,5,6,0
S0773,美5孔6,美5孔6,binary_Thiram_MG,2,False,True,True,0,5,6,0
S0774,美5孔6,美5孔6,binary_Thiram_MG,2,False,True,True,0,5,6,0
S0775,美5孔6,美5孔6,binary_Thiram_MG,2,False,True,True,0,5,6,0
S0776,美5孔6,美5孔6,binary_Thiram_MG,2,False,True,True,0,5,6,0
S0777,美5孔6,美5孔6,binary_Thiram_MG,2,False,True,True,0,5,6,0
S0778,美6m4,美6m4,binary_MBA_Thiram,2,True,True,False,4,6,0,0
S0779,美6m4,美6m4,binary_MBA_Thiram,2,True,True,False,4,6,0,0
S0780,美6m4,美6m4,binary_MBA_Thiram,2,True,True,False,4,6,0,0
S0781,美6m4,美6m4,binary_MBA_Thiram,2,True,True,False,4,6,0,0
S0782,美6m4,美6m4,binary_MBA_Thiram,2,True,True,False,4,6,0,0
S0783,美6m4,美6m4,binary_MBA_Thiram,2,True,True,False,4,6,0,0
S0784,美6m4,美6m4,binary_MBA_Thiram,2,True,True,False,4,6,0,0
S0785,美6m4,美6m4,binary_MBA_Thiram,2,True,True,False,4,6,0,0
S0786,美6m4,美6m4,binary_MBA_Thiram,2,True,True,False,4,6,0,0
S0787,美6m4,美6m4,binary_MBA_Thiram,2,True,True,False,4,6,0,0
S0788,美6m4,美6m4,binary_MBA_Thiram,2,True,True,False,4,6,0,0
S0789,美6m4,美6m4,binary_MBA_Thiram,2,True,True,False,4,6,0,0
S0790,美6m4,美6m4,binary_MBA_Thiram,2,True,True,False,4,6,0,0
S0791,美6m4,美6m4,binary_MBA_Thiram,2,True,True,False,4,6,0,0
S0792,美6m5,美6m5,binary_MBA_Thiram,2,True,True,False,5,6,0,3
S0793,美6m5,美6m5,binary_MBA_Thiram,2,True,True,False,5,6,0,3
S0794,美6m5,美6m5,binary_MBA_Thiram,2,True,True,False,5,6,0,3
S0795,美6m5,美6m5,binary_MBA_Thiram,2,True,True,False,5,6,0,3
S0796,美6m5,美6m5,binary_MBA_Thiram,2,True,True,False,5,6,0,3
S0797,美6m5,美6m5,binary_MBA_Thiram,2,True,True,False,5,6,0,3
S0798,美6m5,美6m5,binary_MBA_Thiram,2,True,True,False,5,6,0,3
S0799,美6m5,美6m5,binary_MBA_Thiram,2,True,True,False,5,6,0,3
S0800,美6m5,美6m5,binary_MBA_Thiram,2,True,True,False,5,6,0,3
S0801,美6m5,美6m5,binary_MBA_Thiram,2,True,True,False,5,6,0,3
S0802,美6m5,美6m5,binary_MBA_Thiram,2,True,True,False,5,6,0,3
S0803,美6m5,美6m5,binary_MBA_Thiram,2,True,True,False,5,6,0,3
S0804,美6m5,美6m5,binary_MBA_Thiram,2,True,True,False,5,6,0,3
S0805,美6m5,美6m5,binary_MBA_Thiram,2,True,True,False,5,6,0,3
S0806,美6m5,美6m5,binary_MBA_Thiram,2,True,True,False,5,6,0,3
S0807,美6m5,美6m5,binary_MBA_Thiram,2,True,True,False,5,6,0,3
